"id","date","customer_name","state","city"
"B-25601","1/4/2018","Bharat                          ","Gujarat                         ","Ahmedabad                       "
"B-25602","1/4/2018","Pearl                           ","Maharashtra                     ","Pune                            "
"B-25603","3/4/2018","Jahan                           ","Madhya Pradesh                  ","Bhopal                          "
"B-25604","3/4/2018","Divsha                          ","Rajasthan                       ","Jaipur                          "
"B-25605","5/4/2018","Kasheen                         ","West Bengal                     ","Kolkata                         "
"B-25606","6/4/2018","Hazel                           ","Karnataka                       ","Bangalore                       "
"B-25607","6/4/2018","Sonakshi                        ","Jammu and Kashmir               ","Kashmir                         "
"B-25608","8/4/2018","Aarushi                         ","Tamil Nadu                      ","Chennai                         "
"B-25609","9/4/2018","Jitesh                          ","Uttar Pradesh                   ","Lucknow                         "
"B-25610","9/4/2018","Yogesh                          ","Bihar                           ","Patna                           "
"B-25611","11/4/2018","Anita                           ","Kerala                          ","Thiruvananthapuram              "
"B-25612","12/4/2018","Shrichand                       ","Punjab                          ","Chandigarh                      "
"B-25613","12/4/2018","Mukesh                          ","Haryana                         ","Chandigarh                      "
"B-25614","13/4/2018","Vandana                         ","Himachal Pradesh                ","Simla                           "
"B-25615","15/4/2018","Bhavna                          ","Sikkim                          ","Gangtok                         "
"B-25616","15/4/2018","Kanak                           ","Goa                             ","Goa                             "
"B-25617","17/4/2018","Sagar                           ","Nagaland                        ","Kohima                          "
"B-25618","18/4/2018","Manju                           ","Andhra Pradesh                  ","Hyderabad                       "
"B-25619","18/4/2018","Ramesh                          ","Gujarat                         ","Ahmedabad                       "
"B-25620","20/4/2018","Sarita                          ","Maharashtra                     ","Pune                            "
"B-25621","20/4/2018","Deepak                          ","Madhya Pradesh                  ","Bhopal                          "
"B-25622","22/4/2018","Monisha                         ","Rajasthan                       ","Jaipur                          "
"B-25623","22/4/2018","Atharv                          ","West Bengal                     ","Kolkata                         "
"B-25624","22/4/2018","Vini                            ","Karnataka                       ","Bangalore                       "
"B-25625","23/4/2018","Pinky                           ","Jammu and Kashmir               ","Kashmir                         "
"B-25626","23/4/2018","Bhishm                          ","Maharashtra                     ","Mumbai                          "
"B-25627","23/4/2018","Hitika                          ","Madhya Pradesh                  ","Indore                          "
"B-25628","24/4/2018","Pooja                           ","Bihar                           ","Patna                           "
"B-25629","24/4/2018","Hemant                          ","Kerala                          ","Thiruvananthapuram              "
"B-25630","24/4/2018","Sahil                           ","Punjab                          ","Chandigarh                      "
"B-25631","24/4/2018","Ritu                            ","Haryana                         ","Chandigarh                      "
"B-25632","25/4/2018","Manish                          ","Himachal Pradesh                ","Simla                           "
"B-25633","26/4/2018","Amit                            ","Sikkim                          ","Gangtok                         "
"B-25634","26/4/2018","Sanjay                          ","Goa                             ","Goa                             "
"B-25635","26/4/2018","Nidhi                           ","Nagaland                        ","Kohima                          "
"B-25636","26/4/2018","Nishi                           ","Maharashtra                     ","Mumbai                          "
"B-25637","26/4/2018","Ashmi                           ","Madhya Pradesh                  ","Indore                          "
"B-25638","26/4/2018","Parth                           ","Maharashtra                     ","Pune                            "
"B-25639","27/4/2018","Lisha                           ","Madhya Pradesh                  ","Bhopal                          "
"B-25640","27/4/2018","Paridhi                         ","Rajasthan                       ","Jaipur                          "
"B-25641","27/4/2018","Parishi                         ","West Bengal                     ","Kolkata                         "
"B-25642","28/4/2018","Ajay                            ","Karnataka                       ","Bangalore                       "
"B-25643","29/4/2018","Kirti                           ","Jammu and Kashmir               ","Kashmir                         "
"B-25644","30/4/2018","Mayank                          ","Maharashtra                     ","Mumbai                          "
"B-25645","1/5/2018","Yaanvi                          ","Madhya Pradesh                  ","Indore                          "
"B-25646","1/5/2018","Sonal                           ","Bihar                           ","Patna                           "
"B-25647","3/5/2018","Sharda                          ","Kerala                          ","Thiruvananthapuram              "
"B-25648","4/5/2018","Aditya                          ","Punjab                          ","Chandigarh                      "
"B-25649","5/5/2018","Rachna                          ","Haryana                         ","Chandigarh                      "
"B-25650","6/5/2018","Chirag                          ","Maharashtra                     ","Mumbai                          "
"B-25651","7/5/2018","Anurag                          ","Madhya Pradesh                  ","Indore                          "
"B-25652","8/5/2018","Tushina                         ","Goa                             ","Goa                             "
"B-25653","8/5/2018","Farah                           ","Nagaland                        ","Kohima                          "
"B-25654","10/5/2018","Sabah                           ","Maharashtra                     ","Mumbai                          "
"B-25655","11/5/2018","Nida                            ","Madhya Pradesh                  ","Indore                          "
"B-25656","11/5/2018","Priyanka                        ","Maharashtra                     ","Pune                            "
"B-25657","13/5/2018","Tulika                          ","Madhya Pradesh                  ","Bhopal                          "
"B-25658","14/5/2018","Shefali                         ","Rajasthan                       ","Jaipur                          "
"B-25659","15/5/2018","Sanskriti                       ","West Bengal                     ","Kolkata                         "
"B-25660","16/5/2018","Shruti                          ","Karnataka                       ","Bangalore                       "
"B-25661","17/5/2018","Subhashree                      ","Jammu and Kashmir               ","Kashmir                         "
"B-25662","17/5/2018","Sweta                           ","Maharashtra                     ","Mumbai                          "
"B-25663","19/5/2018","Pournamasi                      ","Madhya Pradesh                  ","Indore                          "
"B-25664","20/5/2018","Pratyusmita                     ","Bihar                           ","Patna                           "
"B-25665","21/5/2018","Chayanika                       ","Kerala                          ","Thiruvananthapuram              "
"B-25666","22/5/2018","Tanvi                           ","Punjab                          ","Chandigarh                      "
"B-25667","23/5/2018","Anjali                          ","Haryana                         ","Chandigarh                      "
"B-25668","24/5/2018","Rhea                            ","Himachal Pradesh                ","Simla                           "
"B-25669","25/5/2018","Piyali                          ","Sikkim                          ","Gangtok                         "
"B-25670","25/5/2018","Charika                         ","Goa                             ","Goa                             "
"B-25671","27/5/2018","Mitali                          ","Nagaland                        ","Kohima                          "
"B-25672","28/5/2018","Akanksha                        ","Andhra Pradesh                  ","Hyderabad                       "
"B-25673","28/5/2018","Arsheen                         ","Gujarat                         ","Ahmedabad                       "
"B-25674","28/5/2018","Mahima                          ","Maharashtra                     ","Pune                            "
"B-25675","31/5/2018","Shreya                          ","Madhya Pradesh                  ","Bhopal                          "
"B-25676","1/6/2018","Chandni                         ","Rajasthan                       ","Jaipur                          "
"B-25677","2/6/2018","Ekta                            ","West Bengal                     ","Kolkata                         "
"B-25678","3/6/2018","Bathina                         ","Karnataka                       ","Bangalore                       "
"B-25679","4/6/2018","Avni                            ","Maharashtra                     ","Mumbai                          "
"B-25680","4/6/2018","Aayushi                         ","Madhya Pradesh                  ","Indore                          "
"B-25681","4/6/2018","Bhawna                          ","Madhya Pradesh                  ","Indore                          "
"B-25682","7/6/2018","Krutika                         ","Bihar                           ","Patna                           "
"B-25683","8/6/2018","Shreya                          ","Kerala                          ","Thiruvananthapuram              "
"B-25684","9/6/2018","Samiksha                        ","Maharashtra                     ","Mumbai                          "
"B-25685","10/6/2018","Sheetal                         ","Madhya Pradesh                  ","Indore                          "
"B-25686","11/6/2018","Pooja                           ","Himachal Pradesh                ","Simla                           "
"B-25687","11/6/2018","Sanjna                          ","Maharashtra                     ","Mumbai                          "
"B-25688","11/6/2018","Swetha                          ","Madhya Pradesh                  ","Indore                          "
"B-25689","14/6/2018","Bhaggyasree                     ","Maharashtra                     ","Mumbai                          "
"B-25690","15/6/2018","Gunjan                          ","Madhya Pradesh                  ","Indore                          "
"B-25691","16/6/2018","Akancha                         ","Maharashtra                     ","Mumbai                          "
"B-25692","17/6/2018","Rashmi                          ","Madhya Pradesh                  ","Indore                          "
"B-25693","18/6/2018","Parna                           ","Madhya Pradesh                  ","Bhopal                          "
"B-25694","18/6/2018","Subhasmita                      ","Rajasthan                       ","Jaipur                          "
"B-25695","18/6/2018","Suhani                          ","West Bengal                     ","Kolkata                         "
"B-25696","21/6/2018","Noopur                          ","Karnataka                       ","Bangalore                       "
"B-25697","22/6/2018","Vijay                           ","Jammu and Kashmir               ","Kashmir                         "
"B-25698","23/6/2018","Amisha                          ","Tamil Nadu                      ","Chennai                         "
"B-25699","24/6/2018","Kritika                         ","Uttar Pradesh                   ","Lucknow                         "
"B-25700","25/6/2018","Shubhi                          ","Maharashtra                     ","Mumbai                          "
"B-25701","26/6/2018","Maithilee                       ","Madhya Pradesh                  ","Indore                          "
"B-25702","27/6/2018","Shaily                          ","Maharashtra                     ","Mumbai                          "
"B-25703","28/6/2018","Ekta                            ","Madhya Pradesh                  ","Indore                          "
"B-25704","29/6/2018","Riya                            ","Maharashtra                     ","Mumbai                          "
"B-25705","30/6/2018","Shweta                          ","Madhya Pradesh                  ","Indore                          "
"B-25706","1/7/2018","Swetlana                        ","Goa                             ","Goa                             "
"B-25707","1/7/2018","Shivani                         ","Maharashtra                     ","Mumbai                          "
"B-25708","1/7/2018","Kishwar                         ","Madhya Pradesh                  ","Indore                          "
"B-25709","1/7/2018","Aakanksha                       ","Madhya Pradesh                  ","Indore                          "
"B-25710","5/7/2018","Megha                           ","Maharashtra                     ","Pune                            "
"B-25711","6/7/2018","Sakshi                          ","Madhya Pradesh                  ","Bhopal                          "
"B-25712","7/7/2018","Adhvaita                        ","Rajasthan                       ","Jaipur                          "
"B-25713","8/7/2018","Raksha                          ","West Bengal                     ","Kolkata                         "
"B-25714","9/7/2018","Stuti                           ","Karnataka                       ","Bangalore                       "
"B-25715","10/7/2018","Srishti                         ","Jammu and Kashmir               ","Kashmir                         "
"B-25716","11/7/2018","Surabhi                         ","Tamil Nadu                      ","Chennai                         "
"B-25717","12/7/2018","Manshul                         ","Uttar Pradesh                   ","Lucknow                         "
"B-25718","12/7/2018","Anjali                          ","Maharashtra                     ","Mumbai                          "
"B-25719","12/7/2018","Rashmi                          ","Madhya Pradesh                  ","Indore                          "
"B-25720","15/7/2018","Namrata                         ","Punjab                          ","Chandigarh                      "
"B-25721","16/7/2018","Anchal                          ","Haryana                         ","Chandigarh                      "
"B-25722","17/7/2018","Inderpreet                      ","Himachal Pradesh                ","Simla                           "
"B-25723","18/7/2018","Wale                            ","Maharashtra                     ","Mumbai                          "
"B-25724","19/7/2018","Sheetal                         ","Madhya Pradesh                  ","Indore                          "
"B-25725","20/7/2018","Anisha                          ","Nagaland                        ","Kohima                          "
"B-25726","21/7/2018","Kiran                           ","Maharashtra                     ","Mumbai                          "
"B-25727","22/7/2018","Turumella                       ","Madhya Pradesh                  ","Indore                          "
"B-25728","22/7/2018","Ameesha                         ","Maharashtra                     ","Pune                            "
"B-25729","22/7/2018","Madhulika                       ","Madhya Pradesh                  ","Bhopal                          "
"B-25730","22/7/2018","Rishabh                         ","Rajasthan                       ","Jaipur                          "
"B-25731","26/7/2018","Akash                           ","West Bengal                     ","Kolkata                         "
"B-25732","27/7/2018","Anubhaw                         ","Karnataka                       ","Bangalore                       "
"B-25733","28/7/2018","Dhirajendu                      ","Maharashtra                     ","Mumbai                          "
"B-25734","29/7/2018","Pranav                          ","Madhya Pradesh                  ","Indore                          "
"B-25735","30/7/2018","Arindam                         ","Uttar Pradesh                   ","Lucknow                         "
"B-25736","31/7/2018","Akshat                          ","Maharashtra                     ","Mumbai                          "
"B-25737","1/8/2018","Shubham                         ","Madhya Pradesh                  ","Indore                          "
"B-25738","2/8/2018","Ayush                           ","Punjab                          ","Chandigarh                      "
"B-25739","3/8/2018","Daksh                           ","Haryana                         ","Chandigarh                      "
"B-25740","3/8/2018","Rane                            ","Maharashtra                     ","Mumbai                          "
"B-25741","3/8/2018","Navdeep                         ","Madhya Pradesh                  ","Indore                          "
"B-25742","3/8/2018","Ashwin                          ","Goa                             ","Goa                             "
"B-25743","7/8/2018","Aman                            ","Nagaland                        ","Kohima                          "
"B-25744","8/8/2018","Devendra                        ","Andhra Pradesh                  ","Hyderabad                       "
"B-25745","9/8/2018","Kartik                          ","Gujarat                         ","Ahmedabad                       "
"B-25746","10/8/2018","Shivam                          ","Maharashtra                     ","Pune                            "
"B-25747","11/8/2018","Harsh                           ","Madhya Pradesh                  ","Bhopal                          "
"B-25748","12/8/2018","Nitant                          ","Rajasthan                       ","Jaipur                          "
"B-25749","13/8/2018","Ayush                           ","Maharashtra                     ","Mumbai                          "
"B-25750","14/8/2018","Priyanshu                       ","Madhya Pradesh                  ","Indore                          "
"B-25751","14/8/2018","Nishant                         ","Maharashtra                     ","Mumbai                          "
"B-25752","14/8/2018","Vaibhav                         ","Madhya Pradesh                  ","Indore                          "
"B-25753","17/8/2018","Shivam                          ","Uttar Pradesh                   ","Lucknow                         "
"B-25754","18/8/2018","Akshay                          ","Bihar                           ","Patna                           "
"B-25755","19/8/2018","Shourya                         ","Kerala                          ","Thiruvananthapuram              "
"B-25756","20/8/2018","Mohan                           ","Maharashtra                     ","Mumbai                          "
"B-25757","21/8/2018","Mohit                           ","Madhya Pradesh                  ","Indore                          "
"B-25758","22/8/2018","Shubham                         ","Himachal Pradesh                ","Simla                           "
"B-25759","23/8/2018","Soumya                          ","Sikkim                          ","Gangtok                         "
"B-25760","24/8/2018","Pooja                           ","Goa                             ","Goa                             "
"B-25761","25/8/2018","Surabhi                         ","Maharashtra                     ","Mumbai                          "
"B-25762","26/8/2018","Anudeep                         ","Madhya Pradesh                  ","Indore                          "
"B-25763","27/8/2018","Noshiba                         ","Gujarat                         ","Ahmedabad                       "
"B-25764","28/8/2018","Sanjova                         ","Maharashtra                     ","Pune                            "
"B-25765","29/8/2018","Meghana                         ","Madhya Pradesh                  ","Bhopal                          "
"B-25766","30/8/2018","Surabhi                         ","Rajasthan                       ","Jaipur                          "
"B-25767","31/8/2018","Ashmeet                         ","West Bengal                     ","Kolkata                         "
"B-25768","1/9/2018","Shreyoshe                       ","Karnataka                       ","Bangalore                       "
"B-25769","2/9/2018","Surbhi                          ","Maharashtra                     ","Mumbai                          "
"B-25770","2/9/2018","Sakshi                          ","Madhya Pradesh                  ","Indore                          "
"B-25771","2/9/2018","Vaibhavi                        ","Uttar Pradesh                   ","Lucknow                         "
"B-25772","2/9/2018","Sanjana                         ","Bihar                           ","Patna                           "
"B-25773","6/9/2018","Shreya                          ","Kerala                          ","Thiruvananthapuram              "
"B-25774","7/9/2018","Snehal                          ","Punjab                          ","Chandigarh                      "
"B-25775","8/9/2018","Duhita                          ","Haryana                         ","Chandigarh                      "
"B-25776","9/9/2018","Mousam                          ","Maharashtra                     ","Mumbai                          "
"B-25777","10/9/2018","Aditi                           ","Madhya Pradesh                  ","Indore                          "
"B-25778","11/9/2018","Surabhi                         ","Maharashtra                     ","Mumbai                          "
"B-25779","12/9/2018","Savi                            ","Madhya Pradesh                  ","Indore                          "
"B-25780","13/9/2018","Teena                           ","Andhra Pradesh                  ","Hyderabad                       "
"B-25781","14/9/2018","Rutuja                          ","Gujarat                         ","Ahmedabad                       "
"B-25782","15/9/2018","Aayushi                         ","Maharashtra                     ","Mumbai                          "
"B-25783","15/9/2018","Shivangi                        ","Madhya Pradesh                  ","Indore                          "
"B-25784","15/9/2018","Rohit                           ","Rajasthan                       ","Jaipur                          "
"B-25785","15/9/2018","Ayush                           ","West Bengal                     ","Kolkata                         "
"B-25786","19/9/2018","Abhishek                        ","Karnataka                       ","Bangalore                       "
"B-25787","20/9/2018","Asish                           ","Jammu and Kashmir               ","Kashmir                         "
"B-25788","21/9/2018","Dinesh                          ","Tamil Nadu                      ","Chennai                         "
"B-25789","22/9/2018","Akshay                          ","Uttar Pradesh                   ","Lucknow                         "
"B-25790","23/9/2018","Sajal                           ","Bihar                           ","Patna                           "
"B-25791","24/9/2018","Avish                           ","Kerala                          ","Thiruvananthapuram              "
"B-25792","24/9/2018","Abhishek                        ","Maharashtra                     ","Mumbai                          "
"B-25793","24/9/2018","Siddharth                       ","Madhya Pradesh                  ","Indore                          "
"B-25794","24/9/2018","Aditya                          ","Himachal Pradesh                ","Simla                           "
"B-25795","24/9/2018","Sukant                          ","Sikkim                          ","Gangtok                         "
"B-25796","24/9/2018","Sukrith                         ","Maharashtra                     ","Mumbai                          "
"B-25797","30/9/2018","Sauptik                         ","Madhya Pradesh                  ","Indore                          "
"B-25798","1/10/2018","Shishu                          ","Andhra Pradesh                  ","Hyderabad                       "
"B-25799","1/10/2018","Divyansh                        ","Gujarat                         ","Ahmedabad                       "
"B-25800","1/10/2018","Ishit                           ","Maharashtra                     ","Pune                            "
"B-25801","1/10/2018","Aryan                           ","Madhya Pradesh                  ","Bhopal                          "
"B-25802","5/10/2018","Yash                            ","Maharashtra                     ","Mumbai                          "
"B-25803","5/10/2018","Shivanshu                       ","Madhya Pradesh                  ","Indore                          "
"B-25804","5/10/2018","Sudheer                         ","Karnataka                       ","Bangalore                       "
"B-25805","5/10/2018","Ankit                           ","Maharashtra                     ","Mumbai                          "
"B-25806","6/10/2018","Dhanraj                         ","Madhya Pradesh                  ","Indore                          "
"B-25807","7/10/2018","Vipul                           ","Uttar Pradesh                   ","Lucknow                         "
"B-25808","8/10/2018","Apsingekar                      ","Bihar                           ","Patna                           "
"B-25809","9/10/2018","Suman                           ","Kerala                          ","Thiruvananthapuram              "
"B-25810","10/10/2018","Nripraj                         ","Punjab                          ","Chandigarh                      "
"B-25811","10/10/2018","Utsav                           ","Maharashtra                     ","Mumbai                          "
"B-25812","10/10/2018","Kshitij                         ","Madhya Pradesh                  ","Indore                          "
"B-25813","10/10/2018","Hrisheekesh                     ","Maharashtra                     ","Mumbai                          "
"B-25814","10/10/2018","Swapnil                         ","Madhya Pradesh                  ","Indore                          "
"B-25815","10/10/2018","Harsh                           ","Nagaland                        ","Kohima                          "
"B-25816","12/10/2018","Mane                            ","Andhra Pradesh                  ","Hyderabad                       "
"B-25817","13/10/2018","Praneet                         ","Maharashtra                     ","Mumbai                          "
"B-25818","14/10/2018","Sandeep                         ","Madhya Pradesh                  ","Indore                          "
"B-25819","15/10/2018","Ankur                           ","Madhya Pradesh                  ","Bhopal                          "
"B-25820","16/10/2018","Dheeraj                         ","Rajasthan                       ","Jaipur                          "
"B-25821","16/10/2018","Ajay                            ","West Bengal                     ","Kolkata                         "
"B-25822","18/10/2018","Tejas                           ","Karnataka                       ","Bangalore                       "
"B-25823","18/10/2018","Rohan                           ","Maharashtra                     ","Mumbai                          "
"B-25824","20/10/2018","Shyam                           ","Madhya Pradesh                  ","Indore                          "
"B-25825","21/10/2018","Kartik                          ","Madhya Pradesh                  ","Indore                          "
"B-25826","22/10/2018","Tanushree                       ","Maharashtra                     ","Mumbai                          "
"B-25827","23/10/2018","Sheetal                         ","Madhya Pradesh                  ","Indore                          "
"B-25828","24/10/2018","Nikita                          ","Punjab                          ","Chandigarh                      "
"B-25829","25/10/2018","Apoorva                         ","Haryana                         ","Chandigarh                      "
"B-25830","26/10/2018","Aastha                          ","Himachal Pradesh                ","Simla                           "
"B-25831","27/10/2018","Mahima                          ","Sikkim                          ","Gangtok                         "
"B-25832","28/10/2018","Harshita                        ","Maharashtra                     ","Mumbai                          "
"B-25833","29/10/2018","Krishna                         ","Madhya Pradesh                  ","Indore                          "
"B-25834","29/10/2018","Ananya                          ","Andhra Pradesh                  ","Hyderabad                       "
"B-25835","29/10/2018","Moumita                         ","Gujarat                         ","Ahmedabad                       "
"B-25836","29/10/2018","Arti                            ","Maharashtra                     ","Pune                            "
"B-25837","29/10/2018","Palak                           ","Maharashtra                     ","Mumbai                          "
"B-25838","29/10/2018","Sanjana                         ","Madhya Pradesh                  ","Indore                          "
"B-25839","30/10/2018","Pranjali                        ","West Bengal                     ","Kolkata                         "
"B-25840","31/10/2018","Sneha                           ","Karnataka                       ","Bangalore                       "
"B-25841","1/11/2018","Ashvini                         ","Maharashtra                     ","Mumbai                          "
"B-25842","2/11/2018","Sheetal                         ","Madhya Pradesh                  ","Indore                          "
"B-25843","3/11/2018","Mrunal                          ","Maharashtra                     ","Mumbai                          "
"B-25844","3/11/2018","Swati                           ","Madhya Pradesh                  ","Indore                          "
"B-25845","3/11/2018","Snel                            ","Kerala                          ","Thiruvananthapuram              "
"B-25846","3/11/2018","Soodesh                         ","Punjab                          ","Chandigarh                      "
"B-25847","3/11/2018","Aniket                          ","Haryana                         ","Chandigarh                      "
"B-25848","3/11/2018","Rohan                           ","Himachal Pradesh                ","Simla                           "
"B-25849","4/11/2018","K                               ","Sikkim                          ","Gangtok                         "
"B-25850","5/11/2018","Abhishek                        ","Goa                             ","Goa                             "
"B-25851","6/11/2018","Kushal                          ","Nagaland                        ","Kohima                          "
"B-25852","7/11/2018","Soumyabrata                     ","Andhra Pradesh                  ","Hyderabad                       "
"B-25853","8/11/2018","Gaurav                          ","Gujarat                         ","Ahmedabad                       "
"B-25854","8/11/2018","Shubham                         ","Maharashtra                     ","Pune                            "
"B-25855","8/11/2018","Abhijeet                        ","Madhya Pradesh                  ","Bhopal                          "
"B-25856","10/11/2018","Abhijeet                        ","Maharashtra                     ","Mumbai                          "
"B-25857","10/11/2018","Anand                           ","Madhya Pradesh                  ","Indore                          "
"B-25858","13/11/2018","Swapnil                         ","Maharashtra                     ","Mumbai                          "
"B-25859","14/11/2018","Chikku                          ","Madhya Pradesh                  ","Indore                          "
"B-25860","15/11/2018","Akshay                          ","Tamil Nadu                      ","Chennai                         "
"B-25861","15/11/2018","Aayush                          ","Uttar Pradesh                   ","Lucknow                         "
"B-25862","15/11/2018","Amol                            ","Bihar                           ","Patna                           "
"B-25863","15/11/2018","Manibalan                       ","Kerala                          ","Thiruvananthapuram              "
"B-25864","15/11/2018","Aromal                          ","Maharashtra                     ","Mumbai                          "
"B-25865","15/11/2018","Arun                            ","Madhya Pradesh                  ","Indore                          "
"B-25866","16/11/2018","Komal                           ","Himachal Pradesh                ","Simla                           "
"B-25867","17/11/2018","Ankit                           ","Sikkim                          ","Gangtok                         "
"B-25868","18/11/2018","Vikash                          ","Goa                             ","Goa                             "
"B-25869","19/11/2018","Parakh                          ","Nagaland                        ","Kohima                          "
"B-25870","20/11/2018","Pranav                          ","Andhra Pradesh                  ","Hyderabad                       "
"B-25871","21/11/2018","Gunjal                          ","Gujarat                         ","Surat                           "
"B-25872","22/11/2018","Saurabh                         ","Maharashtra                     ","Mumbai                          "
"B-25873","23/11/2018","Divyeta                         ","Madhya Pradesh                  ","Indore                          "
"B-25874","24/11/2018","Megha                           ","Rajasthan                       ","Udaipur                         "
"B-25875","24/11/2018","Divyeshkumar                    ","Uttar Pradesh                   ","Allahabad                       "
"B-25876","24/11/2018","Bhosale                         ","Punjab                          ","Amritsar                        "
"B-25877","24/11/2018","Dashyam                         ","Gujarat                         ","Surat                           "
"B-25878","24/11/2018","Mrinal                          ","Maharashtra                     ","Mumbai                          "
"B-25879","24/11/2018","Siddharth                       ","Madhya Pradesh                  ","Indore                          "
"B-25880","24/11/2018","Apoorv                          ","Rajasthan                       ","Udaipur                         "
"B-25881","25/11/2018","Pooja                           ","Uttar Pradesh                   ","Allahabad                       "
"B-25882","26/11/2018","Masurkar                        ","Punjab                          ","Amritsar                        "
"B-25883","27/11/2018","Saptadeep                       ","Gujarat                         ","Surat                           "
"B-25884","28/11/2018","Sumeet                          ","Maharashtra                     ","Mumbai                          "
"B-25885","28/11/2018","Shatayu                         ","Madhya Pradesh                  ","Indore                          "
"B-25886","28/11/2018","Brijesh                         ","Rajasthan                       ","Udaipur                         "
"B-25887","1/12/2018","Vedant                          ","Uttar Pradesh                   ","Allahabad                       "
"B-25888","2/12/2018","Rohan                           ","Punjab                          ","Amritsar                        "
"B-25889","3/12/2018","Abhishek                        ","Gujarat                         ","Surat                           "
"B-25890","4/12/2018","Divyansha                       ","Maharashtra                     ","Mumbai                          "
"B-25891","4/12/2018","Shivani                         ","Madhya Pradesh                  ","Indore                          "
"B-25892","4/12/2018","Aditi                           ","Rajasthan                       ","Udaipur                         "
"B-25893","4/12/2018","Aashna                          ","Uttar Pradesh                   ","Allahabad                       "
"B-25894","4/12/2018","Monu                            ","Punjab                          ","Amritsar                        "
"B-25895","4/12/2018","Sathya                          ","Gujarat                         ","Surat                           "
"B-25896","5/12/2018","Aman                            ","Maharashtra                     ","Mumbai                          "
"B-25897","6/12/2018","Rohan                           ","Madhya Pradesh                  ","Indore                          "
"B-25898","7/12/2018","Abhishek                        ","Rajasthan                       ","Udaipur                         "
"B-25899","8/12/2018","Aishwarya                       ","Uttar Pradesh                   ","Allahabad                       "
"B-25900","9/12/2018","Anand                           ","Punjab                          ","Amritsar                        "
"B-25901","10/12/2018","Suraj                           ","Gujarat                         ","Surat                           "
"B-25902","10/12/2018","Ishpreet                        ","Maharashtra                     ","Mumbai                          "
"B-25903","10/12/2018","Amlan                           ","Madhya Pradesh                  ","Indore                          "
"B-25904","10/12/2018","Swapnil                         ","Delhi                           ","Delhi                           "
"B-25905","11/12/2018","Bhargav                         ","Madhya Pradesh                  ","Delhi                           "
"B-25906","11/12/2018","Abhijit                         ","Delhi                           ","Delhi                           "
"B-25907","11/12/2018","Jaydeep                         ","Madhya Pradesh                  ","Bhopal                          "
"B-25908","12/12/2018","Pradeep                         ","Delhi                           ","Delhi                           "
"B-25909","13/12/2018","Sujay                           ","Madhya Pradesh                  ","Delhi                           "
"B-25910","14/12/2018","Jay                             ","Delhi                           ","Delhi                           "
"B-25911","15/12/2018","Phalguni                        ","Madhya Pradesh                  ","Bhopal                          "
"B-25912","16/12/2018","Preksha                         ","Delhi                           ","Delhi                           "
"B-25913","17/12/2018","Geetanjali                      ","Madhya Pradesh                  ","Delhi                           "
"B-25914","18/12/2018","Kajal                           ","Delhi                           ","Delhi                           "
"B-25915","19/12/2018","Sukruta                         ","Punjab                          ","Amritsar                        "
"B-25916","20/12/2018","Utkarsh                         ","Gujarat                         ","Surat                           "
"B-25917","21/12/2018","Sanjay                          ","Maharashtra                     ","Mumbai                          "
"B-25918","22/12/2018","Karandeep                       ","Madhya Pradesh                  ","Indore                          "
"B-25919","23/12/2018","Neha                            ","Rajasthan                       ","Udaipur                         "
"B-25920","24/12/2018","Jayanti                         ","Uttar Pradesh                   ","Allahabad                       "
"B-25921","25/12/2018","Sandra                          ","Punjab                          ","Amritsar                        "
"B-25922","26/12/2018","Akshata                         ","Gujarat                         ","Surat                           "
"B-25923","27/12/2018","Vishakha                        ","Maharashtra                     ","Mumbai                          "
"B-25924","28/12/2018","Prajakta                        ","Karnataka                       ","Bangalore                       "
"B-25925","29/12/2018","Shruti                          ","Maharashtra                     ","Mumbai                          "
"B-25926","30/12/2018","Dipali                          ","Madhya Pradesh                  ","Indore                          "
"B-25927","31/12/2018","Shreya                          ","Uttar Pradesh                   ","Lucknow                         "
"B-25928","1/1/2019","Smriti                          ","Bihar                           ","Patna                           "
"B-25929","2/1/2019","Girase                          ","Kerala                          ","Thiruvananthapuram              "
"B-25930","3/1/2019","Monica                          ","Punjab                          ","Chandigarh                      "
"B-25931","4/1/2019","Sidharth                        ","Maharashtra                     ","Mumbai                          "
"B-25932","4/1/2019","Bhutekar                        ","Madhya Pradesh                  ","Indore                          "
"B-25933","4/1/2019","Shikhar                         ","Maharashtra                     ","Mumbai                          "
"B-25934","4/1/2019","Rahul                           ","Madhya Pradesh                  ","Indore                          "
"B-25935","4/1/2019","Sudhir                          ","Nagaland                        ","Kohima                          "
"B-25936","5/1/2019","Nikhil                          ","Punjab                          ","Chandigarh                      "
"B-25937","5/1/2019","Ankit                           ","Haryana                         ","Chandigarh                      "
"B-25938","5/1/2019","Shikhar                         ","Himachal Pradesh                ","Simla                           "
"B-25939","5/1/2019","Vineet                          ","Sikkim                          ","Gangtok                         "
"B-25940","6/1/2019","Vivek                           ","Goa                             ","Goa                             "
"B-25941","7/1/2019","Jaideep                         ","Nagaland                        ","Kohima                          "
"B-25942","8/1/2019","Ankur                           ","Andhra Pradesh                  ","Hyderabad                       "
"B-25943","9/1/2019","Shardul                         ","Gujarat                         ","Ahmedabad                       "
"B-25944","10/1/2019","Syed                            ","Maharashtra                     ","Pune                            "
"B-25945","11/1/2019","Mhatre                          ","Madhya Pradesh                  ","Indore                          "
"B-25946","12/1/2019","Saurabh                         ","Andhra Pradesh                  ","Hyderabad                       "
"B-25947","13/1/2019","Chetan                          ","Gujarat                         ","Ahmedabad                       "
"B-25948","13/1/2019","Mukund                          ","Maharashtra                     ","Pune                            "
"B-25949","13/1/2019","Shantanu                        ","Maharashtra                     ","Mumbai                          "
"B-25950","13/1/2019","Shruti                          ","Madhya Pradesh                  ","Indore                          "
"B-25951","13/1/2019","Jesal                           ","West Bengal                     ","Kolkata                         "
"B-25952","13/1/2019","Priyanka                        ","Madhya Pradesh                  ","Indore                          "
"B-25953","14/1/2019","Krutika                         ","Andhra Pradesh                  ","Hyderabad                       "
"B-25954","14/1/2019","Trupti                          ","Gujarat                         ","Ahmedabad                       "
"B-25955","16/1/2019","Soumya                          ","Maharashtra                     ","Pune                            "
"B-25956","17/1/2019","Shreya                          ","Maharashtra                     ","Mumbai                          "
"B-25957","18/1/2019","Mahima                          ","Madhya Pradesh                  ","Indore                          "
"B-25958","18/1/2019","Aparajita                       ","West Bengal                     ","Kolkata                         "
"B-25959","18/1/2019","Muskan                          ","Madhya Pradesh                  ","Indore                          "
"B-25960","18/1/2019","Shreya                          ","Andhra Pradesh                  ","Hyderabad                       "
"B-25961","18/1/2019","Surbhi                          ","Gujarat                         ","Ahmedabad                       "
"B-25962","19/1/2019","Tejeswini                       ","Maharashtra                     ","Pune                            "
"B-25963","19/1/2019","Pratiksha                       ","Maharashtra                     ","Mumbai                          "
"B-25964","20/1/2019","Oshin                           ","Madhya Pradesh                  ","Indore                          "
"B-25965","21/1/2019","Saloni                          ","West Bengal                     ","Kolkata                         "
"B-25966","21/1/2019","Soumya                          ","Rajasthan                       ","Udaipur                         "
"B-25967","21/1/2019","Komal                           ","Uttar Pradesh                   ","Allahabad                       "
"B-25968","21/1/2019","Paromita                        ","Punjab                          ","Amritsar                        "
"B-25969","21/1/2019","Shreyshi                        ","Gujarat                         ","Surat                           "
"B-25970","22/1/2019","Rhea                            ","Maharashtra                     ","Mumbai                          "
"B-25971","22/1/2019","Mitali                          ","Madhya Pradesh                  ","Indore                          "
"B-25972","23/1/2019","Jesslyn                         ","Rajasthan                       ","Udaipur                         "
"B-25973","24/1/2019","Seema                           ","Uttar Pradesh                   ","Allahabad                       "
"B-25974","25/1/2019","Manisha                         ","Rajasthan                       ","Udaipur                         "
"B-25975","25/1/2019","Priyanka                        ","Uttar Pradesh                   ","Allahabad                       "
"B-25976","25/1/2019","Piyam                           ","Punjab                          ","Amritsar                        "
"B-25977","27/1/2019","Aayushi                         ","Gujarat                         ","Surat                           "
"B-25978","27/1/2019","Parin                           ","Maharashtra                     ","Mumbai                          "
"B-25979","27/1/2019","Shivangi                        ","Madhya Pradesh                  ","Indore                          "
"B-25980","27/1/2019","Shweta                          ","Rajasthan                       ","Udaipur                         "
"B-25981","28/1/2019","Amruta                          ","Delhi                           ","Delhi                           "
"B-25982","29/1/2019","Hemangi                         ","Delhi                           ","Delhi                           "
"B-25983","30/1/2019","Atul                            ","Delhi                           ","Delhi                           "
"B-25984","30/1/2019","Kajal                           ","Delhi                           ","Delhi                           "
"B-25985","31/1/2019","Ginny                           ","Madhya Pradesh                  ","Indore                          "
"B-25986","31/1/2019","Shweta                          ","Rajasthan                       ","Udaipur                         "
"B-25987","31/1/2019","Manjiri                         ","Delhi                           ","Delhi                           "
"B-25988","31/1/2019","Nirja                           ","Delhi                           ","Delhi                           "
"B-25989","1/2/2019","Anjali                          ","Delhi                           ","Delhi                           "
"B-25990","2/2/2019","Mugdha                          ","Delhi                           ","Delhi                           "
"B-25991","3/2/2019","Mansi                           ","Madhya Pradesh                  ","Indore                          "
"B-25992","3/2/2019","Gaurav                          ","Rajasthan                       ","Udaipur                         "
"B-25993","3/2/2019","Harshal                         ","Delhi                           ","Delhi                           "
"B-25994","3/2/2019","Omkar                           ","Delhi                           ","Delhi                           "
"B-25995","4/2/2019","Yohann                          ","Delhi                           ","Delhi                           "
"B-25996","4/2/2019","Prashant                        ","Delhi                           ","Delhi                           "
"B-25997","4/2/2019","Yogesh                          ","Madhya Pradesh                  ","Indore                          "
"B-25998","4/2/2019","Anmol                           ","Rajasthan                       ","Udaipur                         "
"B-25999","5/2/2019","Diwakar                         ","Delhi                           ","Delhi                           "
"B-26000","6/2/2019","Shubham                         ","Delhi                           ","Delhi                           "
"B-26001","7/2/2019","Patil                           ","Delhi                           ","Delhi                           "
"B-26002","8/2/2019","Harsh                           ","Delhi                           ","Delhi                           "
"B-26003","8/2/2019","Hitesh                          ","Madhya Pradesh                  ","Bhopal                          "
"B-26004","8/2/2019","Nandita                         ","Rajasthan                       ","Jaipur                          "
"B-26005","8/2/2019","Parnavi                         ","West Bengal                     ","Kolkata                         "
"B-26006","9/2/2019","Arpita                          ","Karnataka                       ","Bangalore                       "
"B-26007","9/2/2019","Shubham                         ","Jammu and Kashmir               ","Kashmir                         "
"B-26008","9/2/2019","Kalyani                         ","Tamil Nadu                      ","Chennai                         "
"B-26009","10/2/2019","Komal                           ","Uttar Pradesh                   ","Lucknow                         "
"B-26010","11/2/2019","Kartikay                        ","Bihar                           ","Patna                           "
"B-26011","12/2/2019","Bharat                          ","Gujarat                         ","Ahmedabad                       "
"B-26012","13/2/2019","Pearl                           ","Maharashtra                     ","Pune                            "
"B-26013","13/2/2019","Jahan                           ","Madhya Pradesh                  ","Bhopal                          "
"B-26014","13/2/2019","Divsha                          ","Rajasthan                       ","Jaipur                          "
"B-26015","14/2/2019","Kasheen                         ","West Bengal                     ","Kolkata                         "
"B-26016","14/2/2019","Hazel                           ","Karnataka                       ","Bangalore                       "
"B-26017","14/2/2019","Sonakshi                        ","Jammu and Kashmir               ","Kashmir                         "
"B-26018","14/2/2019","Aarushi                         ","Tamil Nadu                      ","Chennai                         "
"B-26019","15/2/2019","Jitesh                          ","Uttar Pradesh                   ","Lucknow                         "
"B-26020","16/2/2019","Yogesh                          ","Bihar                           ","Patna                           "
"B-26021","17/2/2019","Anita                           ","Kerala                          ","Thiruvananthapuram              "
"B-26022","18/2/2019","Shrichand                       ","Punjab                          ","Chandigarh                      "
"B-26023","19/2/2019","Mukesh                          ","Haryana                         ","Chandigarh                      "
"B-26024","19/2/2019","Vandana                         ","Himachal Pradesh                ","Simla                           "
"B-26025","19/2/2019","Bhavna                          ","Sikkim                          ","Gangtok                         "
"B-26026","19/2/2019","Kanak                           ","Goa                             ","Goa                             "
"B-26027","20/2/2019","Sagar                           ","Nagaland                        ","Kohima                          "
"B-26028","20/2/2019","Manju                           ","Andhra Pradesh                  ","Hyderabad                       "
"B-26029","20/2/2019","Ramesh                          ","Gujarat                         ","Ahmedabad                       "
"B-26030","21/2/2019","Sarita                          ","Maharashtra                     ","Pune                            "
"B-26031","22/2/2019","Deepak                          ","Madhya Pradesh                  ","Bhopal                          "
"B-26032","22/2/2019","Monisha                         ","Rajasthan                       ","Jaipur                          "
"B-26033","22/2/2019","Atharv                          ","West Bengal                     ","Kolkata                         "
"B-26034","23/2/2019","Vini                            ","Karnataka                       ","Bangalore                       "
"B-26035","23/2/2019","Pinky                           ","Jammu and Kashmir               ","Kashmir                         "
"B-26036","23/2/2019","Bhishm                          ","Maharashtra                     ","Mumbai                          "
"B-26037","23/2/2019","Hitika                          ","Madhya Pradesh                  ","Indore                          "
"B-26038","24/2/2019","Pooja                           ","Bihar                           ","Patna                           "
"B-26039","25/2/2019","Hemant                          ","Kerala                          ","Thiruvananthapuram              "
"B-26040","26/2/2019","Sahil                           ","Punjab                          ","Chandigarh                      "
"B-26041","27/2/2019","Ritu                            ","Haryana                         ","Chandigarh                      "
"B-26042","28/2/2019","Manish                          ","Himachal Pradesh                ","Simla                           "
"B-26043","1/3/2019","Amit                            ","Sikkim                          ","Gangtok                         "
"B-26044","2/3/2019","Sanjay                          ","Goa                             ","Goa                             "
"B-26045","3/3/2019","Nidhi                           ","Nagaland                        ","Kohima                          "
"B-26046","4/3/2019","Nishi                           ","Maharashtra                     ","Mumbai                          "
"B-26047","4/3/2019","Ashmi                           ","Madhya Pradesh                  ","Indore                          "
"B-26048","4/3/2019","Parth                           ","Maharashtra                     ","Pune                            "
"B-26049","5/3/2019","Lisha                           ","Madhya Pradesh                  ","Bhopal                          "
"B-26050","6/3/2019","Paridhi                         ","Rajasthan                       ","Jaipur                          "
"B-26051","7/3/2019","Parishi                         ","West Bengal                     ","Kolkata                         "
"B-26052","8/3/2019","Ajay                            ","Karnataka                       ","Bangalore                       "
"B-26053","9/3/2019","Kirti                           ","Jammu and Kashmir               ","Kashmir                         "
"B-26054","10/3/2019","Mayank                          ","Maharashtra                     ","Mumbai                          "
"B-26055","10/3/2019","Yaanvi                          ","Madhya Pradesh                  ","Indore                          "
"B-26056","10/3/2019","Sonal                           ","Bihar                           ","Patna                           "
"B-26057","10/3/2019","Sharda                          ","Kerala                          ","Thiruvananthapuram              "
"B-26058","11/3/2019","Aditya                          ","Punjab                          ","Chandigarh                      "
"B-26059","12/3/2019","Rachna                          ","Haryana                         ","Chandigarh                      "
"B-26060","13/3/2019","Chirag                          ","Maharashtra                     ","Mumbai                          "
"B-26061","14/3/2019","Anurag                          ","Madhya Pradesh                  ","Indore                          "
"B-26062","15/3/2019","Tushina                         ","Goa                             ","Goa                             "
"B-26063","15/3/2019","Farah                           ","Nagaland                        ","Kohima                          "
"B-26064","16/3/2019","Ankita                          ","Maharashtra                     ","Mumbai                          "
"B-26065","16/3/2019","Nida                            ","Madhya Pradesh                  ","Indore                          "
"B-26066","16/3/2019","Priyanka                        ","Maharashtra                     ","Pune                            "
"B-26067","16/3/2019","Tulika                          ","Madhya Pradesh                  ","Bhopal                          "
"B-26068","16/3/2019","Shefali                         ","Rajasthan                       ","Jaipur                          "
"B-26069","17/3/2019","Sanskriti                       ","West Bengal                     ","Kolkata                         "
"B-26070","18/3/2019","Shruti                          ","Karnataka                       ","Bangalore                       "
"B-26071","19/3/2019","Subhashree                      ","Jammu and Kashmir               ","Kashmir                         "
"B-26072","20/3/2019","Sweta                           ","Maharashtra                     ","Mumbai                          "
"B-26073","21/3/2019","Pournamasi                      ","Madhya Pradesh                  ","Indore                          "
"B-26074","21/3/2019","Bharat                          ","Gujarat                         ","Ahmedabad                       "
"B-26075","21/3/2019","Pearl                           ","Maharashtra                     ","Pune                            "
"B-26076","21/3/2019","Jahan                           ","Madhya Pradesh                  ","Bhopal                          "
"B-26077","22/3/2019","Divsha                          ","Rajasthan                       ","Jaipur                          "
"B-26078","22/3/2019","Kasheen                         ","West Bengal                     ","Kolkata                         "
"B-26079","22/3/2019","Hazel                           ","Karnataka                       ","Bangalore                       "
"B-26080","22/3/2019","Sonakshi                        ","Jammu and Kashmir               ","Kashmir                         "
"B-26081","22/3/2019","Aarushi                         ","Tamil Nadu                      ","Chennai                         "
"B-26082","23/3/2019","Jitesh                          ","Uttar Pradesh                   ","Lucknow                         "
"B-26083","24/3/2019","Yogesh                          ","Bihar                           ","Patna                           "
"B-26084","25/3/2019","Anita                           ","Kerala                          ","Thiruvananthapuram              "
"B-26085","26/3/2019","Shrichand                       ","Punjab                          ","Chandigarh                      "
"B-26086","26/3/2019","Mukesh                          ","Haryana                         ","Chandigarh                      "
"B-26087","26/3/2019","Vandana                         ","Himachal Pradesh                ","Simla                           "
"B-26088","26/3/2019","Bhavna                          ","Sikkim                          ","Gangtok                         "
"B-26089","26/3/2019","Kanak                           ","Goa                             ","Goa                             "
"B-26090","27/3/2019","Sagar                           ","Nagaland                        ","Kohima                          "
"B-26091","27/3/2019","Manju                           ","Andhra Pradesh                  ","Hyderabad                       "
"B-26092","27/3/2019","Ramesh                          ","Gujarat                         ","Ahmedabad                       "
"B-26093","27/3/2019","Sarita                          ","Maharashtra                     ","Pune                            "
"B-26094","27/3/2019","Deepak                          ","Madhya Pradesh                  ","Bhopal                          "
"B-26095","28/3/2019","Monisha                         ","Rajasthan                       ","Jaipur                          "
"B-26096","28/3/2019","Atharv                          ","West Bengal                     ","Kolkata                         "
"B-26097","28/3/2019","Vini                            ","Karnataka                       ","Bangalore                       "
"B-26098","29/3/2019","Pinky                           ","Jammu and Kashmir               ","Kashmir                         "
"B-26099","30/3/2019","Bhishm                          ","Maharashtra                     ","Mumbai                          "
"B-26100","31/3/2019","Hitika                          ","Madhya Pradesh                  ","Indore                          "
